AUROC,Accuracy,F1,Precision,Recall,Specificity,Threshold,TP,TN,FP,FN
0.6669185526630647,0.616060225846926,0.5432835820895522,0.6715867158671587,0.4561403508771929,0.7763819095477387,0.169,182,309,89,217
